Timestamp;Speed;Latitude;Longitude
2022-08-22 13:18;0.2;51.23907;6.768507
2022-08-22 12:57;0.0;51.23907;6.768517
2022-08-22 12:35;0.0;51.23907;6.768517
2022-08-22 12:14;0.0;51.23906;6.768488
2022-08-22 11:54;0.0;51.23906;6.768495
2022-08-22 11:33;0.0;51.23908;6.768478
2022-08-22 11:11;0.0;51.23906;6.768492
2022-08-22 10:51;0.0;51.23905;6.768502
2022-08-22 10:29;0.0;51.23906;6.768508
2022-08-22 10:09;0.0;51.23907;6.768515
2022-08-22 09:48;0.0;51.23905;6.768517
2022-08-22 09:26;0.0;51.23909;6.768512
2022-08-22 09:03;0.0;51.2391;6.768517
2022-08-22 08:42;0.0;51.2391;6.76852
2022-08-22 08:20;0.0;51.2391;6.7685
2022-08-22 08:00;0.0;51.23908;6.768492
2022-08-22 07:38;0.0;51.23907;6.768497
2022-08-22 07:18;0.0;51.23906;6.768495
2022-08-22 06:57;0.0;51.23908;6.768502
2022-08-22 06:35;0.0;51.23907;6.768498
2022-08-22 06:14;0.0;51.23908;6.768497
2022-08-22 05:52;0.2;51.23905;6.768488
2022-08-22 05:49;4.6;51.23997;6.767722
2022-08-22 05:47;7.9;51.24411;6.76392
2022-08-22 05:45;7.1;51.24783;6.758763
2022-08-22 05:42;6.3;51.2509;6.752604
2022-08-22 05:40;6.2;51.25267;6.746652
2022-08-22 05:37;5.8;51.25382;6.740375
2022-08-22 05:35;5.5;51.25495;6.734724
2022-08-22 05:32;5.0;51.25584;6.729393
2022-08-22 05:30;5.5;51.25711;6.724063
2022-08-22 05:28;6.6;51.25875;6.71853
2022-08-22 05:25;6.4;51.26105;6.712162
2022-08-22 05:23;6.3;51.26371;6.707283
2022-08-22 05:20;6.0;51.26709;6.70358
2022-08-22 05:18;5.9;51.27073;6.701788
2022-08-22 05:15;5.6;51.27477;6.701715
2022-08-22 05:13;5.8;51.27826;6.703888
2022-08-22 05:10;5.7;51.28207;6.707897
2022-08-22 05:08;5.7;51.28519;6.711709
2022-08-22 05:05;5.7;51.28835;6.71534
2022-08-22 05:03;5.2;51.29128;6.719093
2022-08-22 05:00;5.4;51.29397;6.722417
2022-08-22 04:58;5.7;51.29676;6.725828
2022-08-22 04:55;5.2;51.30025;6.729722
2022-08-22 04:53;6.1;51.30361;6.73256
2022-08-22 04:50;5.8;51.30819;6.734988
2022-08-22 04:47;6.1;51.31264;6.735838
2022-08-22 04:44;6.1;51.31721;6.735662
2022-08-22 04:42;6.0;51.32162;6.733847
2022-08-22 04:39;6.7;51.32505;6.730763
2022-08-22 04:37;6.6;51.32843;6.725798
2022-08-22 04:34;7.2;51.33179;6.720072
2022-08-22 04:32;7.3;51.3347;6.71386
2022-08-22 04:29;5.7;51.33724;6.707583
2022-08-22 04:27;5.5;51.33907;6.702067
2022-08-22 04:24;5.2;51.34049;6.69645
2022-08-22 04:22;5.1;51.34169;6.691184
2022-08-22 04:19;5.4;51.34295;6.685729
2022-08-22 04:17;5.8;51.34402;6.680597
2022-08-22 04:15;5.4;51.34503;6.675118
2022-08-22 04:13;6.4;51.34599;6.669261
2022-08-22 04:10;5.5;51.34771;6.662734
2022-08-22 04:07;6.4;51.35068;6.656742
2022-08-22 04:05;6.3;51.35472;6.653757
2022-08-22 04:02;6.0;51.3587;6.65326
2022-08-22 04:00;5.7;51.36226;6.65513
2022-08-22 03:57;5.6;51.36563;6.6596
2022-08-22 03:55;5.1;51.36766;6.664927
2022-08-22 03:52;6.3;51.36952;6.670535
2022-08-22 03:49;6.3;51.37088;6.677166
2022-08-22 03:47;6.5;51.37172;6.683065
2022-08-22 03:45;6.1;51.37243;6.690678
2022-08-22 03:42;6.0;51.3727;6.697667
2022-08-22 03:40;5.9;51.37308;6.703642
2022-08-22 03:37;5.7;51.37406;6.71047
2022-08-22 03:34;6.3;51.37593;6.716627
2022-08-22 03:32;6.2;51.3785;6.72231
2022-08-22 03:29;4.9;51.38113;6.726998
2022-08-22 03:27;5.1;51.38325;6.730787
2022-08-22 03:24;5.1;51.38595;6.73464
2022-08-22 03:22;4.8;51.38882;6.738345
2022-08-22 03:19;5.3;51.39142;6.740945
2022-08-22 03:17;6.4;51.39544;6.74395
2022-08-22 03:14;6.3;51.3994;6.745445
2022-08-22 03:12;6.3;51.40351;6.745475
2022-08-22 03:10;6.3;51.40749;6.744554
2022-08-22 03:07;5.4;51.41122;6.742735
2022-08-22 03:05;6.7;51.41464;6.74007
2022-08-22 03:03;6.1;51.41782;6.736305
2022-08-22 03:01;5.3;51.42063;6.73282
2022-08-22 02:58;6.0;51.42341;6.728795
2022-08-22 02:55;6.3;51.4265;6.723513
2022-08-22 02:53;6.2;51.42904;6.719228
2022-08-22 02:51;6.1;51.43267;6.714565
2022-08-22 02:48;5.9;51.43627;6.71164
2022-08-22 02:46;5.8;51.44036;6.710743
2022-08-22 02:43;5.7;51.44421;6.711728
2022-08-22 02:41;6.2;51.44755;6.714585
2022-08-22 02:38;6.6;51.45061;6.71879
2022-08-22 02:36;7.3;51.45502;6.723048
2022-08-22 02:33;6.4;51.45974;6.723625
2022-08-22 02:30;6.1;51.46432;6.721221
2022-08-22 02:28;5.9;51.46766;6.717103
2022-08-22 02:25;6.8;51.46979;6.711022
2022-08-22 02:22;6.8;51.47099;6.702137
2022-08-22 02:20;5.5;51.47166;6.695082
2022-08-22 02:18;5.1;51.47249;6.689878
2022-08-22 02:15;6.5;51.47438;6.684255
2022-08-22 02:13;6.6;51.4783;6.68045
2022-08-22 02:10;6.7;51.48284;6.680115
2022-08-22 02:08;6.7;51.48695;6.683087
2022-08-22 02:05;5.9;51.48977;6.68793
2022-08-22 02:03;6.2;51.49184;6.693161
2022-08-22 02:01;5.9;51.49326;6.698978
2022-08-22 01:58;5.6;51.49434;6.704886
2022-08-22 01:56;5.3;51.49517;6.71011
2022-08-22 01:53;5.8;51.49681;6.716969
2022-08-22 01:51;6.6;51.49959;6.7216
2022-08-22 01:48;6.5;51.50379;6.724255
2022-08-22 01:45;6.3;51.50841;6.72486
2022-08-22 01:43;6.1;51.51245;6.72249
2022-08-22 01:40;5.8;51.51615;6.718632
2022-08-22 01:37;5.6;51.51928;6.71383
2022-08-22 01:35;5.6;51.52172;6.708527
2022-08-22 01:32;5.2;51.52348;6.702755
2022-08-22 01:28;5.4;51.52588;6.694883
2022-08-22 01:26;5.3;51.52744;6.689983
2022-08-22 01:23;4.8;51.52964;6.684625
2022-08-22 01:21;5.0;51.532;6.680435
2022-08-22 01:18;5.8;51.53526;6.67701
2022-08-22 01:16;6.2;51.53895;6.675375
2022-08-22 01:13;6.4;51.54301;6.675682
2022-08-22 01:11;6.1;51.54701;6.677175
2022-08-22 01:08;6.2;51.55094;6.679423
2022-08-22 01:06;6.2;51.55454;6.682088
2022-08-22 01:04;6.4;51.55812;6.685258
2022-08-22 01:01;6.9;51.56261;6.687145
2022-08-22 00:59;6.3;51.56659;6.687307
2022-08-22 00:57;6.2;51.57061;6.685558
2022-08-22 00:54;6.0;51.57395;6.681452
2022-08-22 00:52;5.6;51.57613;6.676486
2022-08-22 00:49;5.6;51.5775;6.67075
2022-08-22 00:47;5.9;51.57804;6.664979
2022-08-22 00:44;6.4;51.57788;6.657883
2022-08-22 00:42;4.8;51.5773;6.651755
2022-08-22 00:40;4.4;51.57644;6.647305
2022-08-22 00:37;4.4;51.57522;6.642875
2022-08-22 00:35;4.5;51.57372;6.639359
2022-08-22 00:32;4.6;51.57161;6.63464
2022-08-22 00:30;4.8;51.56957;6.630172
2022-08-22 00:27;5.6;51.56781;6.625162
2022-08-22 00:24;6.0;51.56636;6.618063
2022-08-22 00:22;5.8;51.5669;6.611193
2022-08-22 00:19;5.9;51.56895;6.604565
2022-08-22 00:17;5.8;51.57144;6.60061
2022-08-22 00:13;6.1;51.57755;6.59701
2022-08-22 00:09;6.9;51.5842;6.597732
2022-08-22 00:07;7.0;51.58875;6.598265
2022-08-22 00:04;6.6;51.59362;6.598272
2022-08-22 00:01;5.9;51.59817;6.597187
2022-08-21 23:58;5.6;51.60336;6.595165
2022-08-21 23:56;6.2;51.60678;6.593325
2022-08-21 23:53;6.2;51.6108;6.59088
2022-08-21 23:51;5.9;51.61457;6.588795
2022-08-21 23:48;6.0;51.6189;6.586318
2022-08-21 23:46;6.0;51.62302;6.586117
2022-08-21 23:43;5.8;51.62684;6.588268
2022-08-21 23:40;6.2;51.63048;6.592733
2022-08-21 23:38;6.6;51.63367;6.597695
2022-08-21 23:35;6.5;51.63681;6.602043
2022-08-21 23:32;6.4;51.64193;6.604977
2022-08-21 23:30;6.4;51.64603;6.604555
2022-08-21 23:27;6.6;51.65146;6.601153
2022-08-21 23:23;6.4;51.6562;6.594018
2022-08-21 23:21;6.0;51.65863;6.58792
2022-08-21 23:18;6.5;51.65973;6.581697
2022-08-21 23:16;6.5;51.65977;6.574286
2022-08-21 23:13;6.4;51.65959;6.567335
2022-08-21 23:11;6.3;51.65896;6.56074
2022-08-21 23:08;6.1;51.65806;6.553993
2022-08-21 23:06;6.0;51.65768;6.547323
2022-08-21 23:04;6.2;51.65821;6.541081
2022-08-21 23:01;7.2;51.66005;6.533918
2022-08-21 22:58;6.7;51.66187;6.524832
2022-08-21 22:55;5.9;51.66208;6.516978
2022-08-21 22:52;6.5;51.66142;6.507603
2022-08-21 22:49;7.0;51.66159;6.499365
2022-08-21 22:47;7.1;51.66197;6.493114
2022-08-21 22:43;7.1;51.6654;6.482005
2022-08-21 22:40;7.1;51.67012;6.476297
2022-08-21 22:36;6.6;51.67751;6.472498
2022-08-21 22:33;5.9;51.70023;6.46263
2022-08-21 22:31;5.9;51.70023;6.46263
2022-08-21 22:28;6.7;51.69233;6.467848
2022-08-21 22:25;6.3;51.69729;6.46531
2022-08-21 22:21;6.5;51.70283;6.45918
2022-08-21 22:19;7.0;51.70531;6.45461
2022-08-21 22:17;7.0;51.7075;6.44726
2022-08-21 22:15;7.0;51.7082;6.443205
2022-08-21 22:07;6.0;51.71075;6.4211
2022-08-21 22:04;6.4;51.71277;6.414494
2022-08-21 22:02;7.0;51.71571;6.409616
2022-08-21 21:54;7.1;51.72964;6.412197
2022-08-21 21:51;6.5;51.75084;6.4172
2022-08-21 21:49;6.5;51.75084;6.4172
2022-08-21 21:43;6.1;51.74689;6.421198
2022-08-21 21:40;6.3;51.75171;6.41595
2022-08-21 21:37;6.1;51.75397;6.41078
2022-08-21 21:35;6.5;51.75515;6.404018
2022-08-21 21:25;6.4;51.75418;6.376443
2022-08-21 21:15;7.8;51.75591;6.346338
2022-08-21 21:06;7.4;51.76845;6.328327
2022-08-21 21:03;7.4;51.77464;6.324793
2022-08-21 21:00;6.8;51.78111;6.32253
2022-08-21 20:57;5.8;51.78647;6.32136
2022-08-21 20:44;6.7;51.80646;6.300562
2022-08-21 20:33;8.0;51.81913;6.268734
2022-08-21 19:53;5.5;51.83881;6.170185
2022-08-21 19:50;5.3;51.84057;6.165022
2022-08-21 19:48;6.3;51.8425;6.158868
2022-08-21 19:30;6.4;51.84797;6.112445
2022-08-21 19:28;6.8;51.84814;6.105085
2022-08-21 19:24;6.9;51.85019;6.094258
2022-08-21 19:22;6.9;51.85281;6.087222
2022-08-21 19:19;7.0;51.85583;6.081675
2022-08-21 19:17;7.1;51.85958;6.076435
2022-08-21 19:14;6.1;51.86248;6.071193
2022-08-21 19:12;6.1;51.86483;6.065553
2022-08-21 19:09;6.0;51.86695;6.059124
2022-08-21 19:06;6.0;51.86871;6.052605
2022-08-21 19:04;7.1;51.87032;6.045982
2022-08-21 19:02;5.8;51.87165;6.038983
2022-08-21 18:59;6.2;51.87331;6.03296
2022-08-21 18:57;7.0;51.87595;6.027235
2022-08-21 18:54;7.1;51.87907;6.021713
2022-08-21 18:52;6.7;51.88123;6.015692
2022-08-21 18:50;7.1;51.88173;6.007773
2022-08-21 18:46;6.5;51.87948;5.999375
2022-08-21 18:44;6.4;51.87623;5.993927
2022-08-21 18:41;6.9;51.87223;5.989075
2022-08-21 18:39;6.6;51.86789;5.985865
2022-08-21 18:36;6.7;51.86363;5.983758
2022-08-21 18:34;6.9;51.85933;5.981421
2022-08-21 18:31;7.0;51.856;5.976488
2022-08-21 18:29;7.2;51.85413;5.969295
2022-08-21 18:26;7.1;51.85457;5.96079
2022-08-21 18:23;6.8;51.85762;5.953053
2022-08-21 18:21;7.8;51.86192;5.947622
2022-08-21 18:18;7.4;51.86648;5.94344
2022-08-21 18:16;6.8;51.86994;5.939372
2022-08-21 18:13;7.2;51.87287;5.932518
2022-08-21 18:11;6.9;51.87429;5.925601
2022-08-21 18:09;6.6;51.87439;5.918577
2022-08-21 18:06;7.1;51.87372;5.91177
2022-08-21 18:04;7.4;51.87248;5.904312
2022-08-21 18:02;6.5;51.87063;5.897318
2022-08-21 17:59;5.8;51.86862;5.892238
2022-08-21 17:57;6.6;51.86615;5.887935
2022-08-21 17:55;9.5;51.8627;5.88313
2022-08-21 17:52;6.7;51.85832;5.880655
2022-08-21 17:50;6.4;51.8537;5.877316
2022-08-21 17:47;3.4;51.85162;5.87295
2022-08-21 17:44;2.1;51.8509;5.869272
2022-08-21 17:40;3.9;51.85054;5.864733
2022-08-21 17:38;1.6;51.85049;5.861262
2022-08-21 17:18;0.0;51.85037;5.860892
2022-08-21 16:57;0.0;51.85035;5.860892
2022-08-21 16:35;0.0;51.85037;5.860882
2022-08-21 16:13;0.0;51.85037;5.860895
2022-08-21 15:52;0.0;51.85038;5.860912
2022-08-21 15:31;0.0;51.85039;5.860892
2022-08-21 15:10;0.0;51.85037;5.860902
2022-08-21 14:49;0.0;51.85036;5.860903
2022-08-21 14:25;0.0;51.85037;5.86091
2022-08-21 14:05;0.0;51.85036;5.860897
2022-08-21 13:44;0.0;51.85037;5.8609
2022-08-21 13:21;0.0;51.85037;5.860895
2022-08-21 12:59;0.0;51.85037;5.860892
2022-08-21 12:38;0.0;51.85035;5.860885
2022-08-21 12:17;0.0;51.85035;5.860893
2022-08-21 11:56;0.0;51.85034;5.860895
2022-08-21 11:35;0.0;51.85036;5.860888
2022-08-21 11:14;0.0;51.85038;5.860915
2022-08-21 10:50;0.0;51.85041;5.860882
2022-08-21 10:29;0.0;51.85037;5.860912
2022-08-21 10:09;0.0;51.85037;5.860883
2022-08-21 09:46;0.0;51.85041;5.860873
2022-08-21 09:25;0.0;51.85039;5.860885
2022-08-21 09:02;0.0;51.85037;5.8609
2022-08-21 08:39;0.0;51.85035;5.860892
2022-08-21 08:17;0.0;51.85036;5.860885
2022-08-21 07:56;0.0;51.85035;5.860892
2022-08-21 07:35;0.0;51.85036;5.860905
2022-08-21 07:14;0.0;51.85035;5.860887
2022-08-21 06:53;0.0;51.85036;5.860892
2022-08-21 06:30;0.0;51.85035;5.860902
2022-08-21 06:08;0.0;51.85036;5.860913
2022-08-21 05:46;0.0;51.85035;5.860902
2022-08-21 05:25;0.1;51.8504;5.860675
2022-08-21 05:23;0.5;51.85051;5.860532
2022-08-21 05:19;3.3;51.85119;5.858205
2022-08-21 05:17;5.1;51.85222;5.853905
2022-08-21 05:14;6.2;51.85452;5.847538
2022-08-21 05:12;6.1;51.85673;5.842788
2022-08-21 05:09;6.1;51.85967;5.837224
2022-08-21 05:07;6.9;51.86298;5.831252
2022-08-21 05:04;6.3;51.86618;5.826263
2022-08-21 05:02;6.5;51.86906;5.82122
2022-08-21 04:59;6.1;51.87135;5.815762
2022-08-21 04:57;6.7;51.87357;5.80993
2022-08-21 04:54;6.6;51.87532;5.802888
2022-08-21 04:51;6.8;51.87707;5.79344
2022-08-21 04:49;5.8;51.87775;5.786988
2022-08-21 04:46;6.6;51.87826;5.780375
2022-08-21 04:44;6.5;51.87852;5.77297
2022-08-21 04:41;6.3;51.87951;5.765775
2022-08-21 04:39;6.4;51.88123;5.759122
2022-08-21 04:36;6.2;51.88298;5.75332
2022-08-21 04:34;6.1;51.88445;5.747272
2022-08-21 04:32;6.0;51.8853;5.741027
2022-08-21 04:29;6.2;51.88573;5.734145
2022-08-21 04:26;6.7;51.88668;5.726228
2022-08-21 04:24;6.4;51.88847;5.719923
2022-08-21 04:22;6.0;51.89077;5.71371
2022-08-21 04:19;5.6;51.89251;5.709317
2022-08-21 04:17;6.1;51.89427;5.703375
2022-08-21 04:15;6.4;51.89522;5.696983
2022-08-21 04:12;5.8;51.89565;5.690748
2022-08-21 04:10;6.3;51.8957;5.683908
2022-08-21 04:07;6.4;51.89554;5.677382
2022-08-21 04:05;6.0;51.89525;5.670838
2022-08-21 04:03;6.0;51.89545;5.664287
2022-08-21 04:00;6.0;51.89596;5.658008
2022-08-21 03:58;6.1;51.89693;5.651818
2022-08-21 03:56;5.8;51.89796;5.645892
2022-08-21 03:53;6.3;51.89883;5.6399
2022-08-21 03:51;6.0;51.89937;5.63277
2022-08-21 03:48;5.9;51.89956;5.626438
2022-08-21 03:46;6.3;51.89939;5.620077
2022-08-21 03:44;6.0;51.89924;5.613852
2022-08-21 03:41;6.4;51.89904;5.607262
2022-08-21 03:39;7.0;51.89883;5.599705
2022-08-21 03:36;6.6;51.89932;5.591367
2022-08-21 03:33;6.6;51.90031;5.58367
2022-08-21 03:31;6.2;51.9012;5.577052
2022-08-21 03:28;6.1;51.90182;5.569782
2022-08-21 03:26;6.7;51.90179;5.56284
2022-08-21 03:23;6.8;51.90089;5.554777
2022-08-21 03:21;7.0;51.89967;5.547373
2022-08-21 03:18;6.4;51.89791;5.54034
2022-08-21 03:16;6.3;51.89582;5.534672
2022-08-21 03:14;6.2;51.89391;5.528555
2022-08-21 03:11;5.1;51.89246;5.522463
2022-08-21 03:09;6.3;51.8911;5.517182
2022-08-21 03:06;6.5;51.89005;5.510183
2022-08-21 03:04;5.9;51.88899;5.504008
2022-08-21 03:02;7.4;51.8886;5.49729
2022-08-21 02:59;6.6;51.88888;5.489408
2022-08-21 02:57;6.4;51.88944;5.482623
2022-08-21 02:55;6.3;51.88986;5.47624
2022-08-21 02:52;6.6;51.88983;5.46961
2022-08-21 02:50;6.5;51.88909;5.462787
2022-08-21 02:48;6.7;51.88789;5.45606
2022-08-21 02:45;7.0;51.88592;5.44914
2022-08-21 02:42;7.1;51.88302;5.442263
2022-08-21 02:40;6.7;51.87953;5.436685
2022-08-21 02:37;5.7;51.87599;5.432312
2022-08-21 02:35;6.4;51.87215;5.428435
2022-08-21 02:32;6.6;51.86867;5.4246
2022-08-21 02:30;6.5;51.86475;5.420982
2022-08-21 02:27;6.3;51.86033;5.418682
2022-08-21 02:25;5.8;51.85609;5.417343
2022-08-21 02:22;6.7;51.85138;5.415642
2022-08-21 02:20;7.1;51.84727;5.412909
2022-08-21 02:17;6.9;51.84314;5.409055
2022-08-21 02:15;6.8;51.83987;5.404465
2022-08-21 02:13;6.8;51.83668;5.399543
2022-08-21 02:10;7.7;51.83358;5.394145
2022-08-21 02:08;8.0;51.83053;5.389087
2022-08-21 02:06;8.0;51.82663;5.384077
2022-08-21 02:04;7.8;51.82268;5.380022
2022-08-21 02:01;7.8;51.81816;5.376397
2022-08-21 01:59;7.5;51.81447;5.373281
2022-08-21 01:57;7.4;51.81034;5.369205
2022-08-21 01:55;7.4;51.80717;5.364312
2022-08-21 01:53;7.4;51.80478;5.358307
2022-08-21 01:50;7.3;51.80402;5.350787
2022-08-21 01:48;7.4;51.8049;5.343837
2022-08-21 01:46;7.6;51.80752;5.337353
2022-08-21 01:44;7.8;51.81077;5.332808
2022-08-21 01:42;7.7;51.8148;5.327971
2022-08-21 01:39;7.6;51.81831;5.32344
2022-08-21 01:37;7.6;51.82147;5.317395
2022-08-21 01:35;8.0;51.82352;5.309938
2022-08-21 01:32;7.7;51.82409;5.301298
2022-08-21 01:30;7.8;51.82354;5.293193
2022-08-21 01:27;8.5;51.82125;5.282957
2022-08-21 01:25;8.7;51.81949;5.274581
2022-08-21 01:22;8.6;51.81839;5.266198
2022-08-21 01:20;8.7;51.81777;5.256715
2022-08-21 01:18;7.6;51.81741;5.248291
2022-08-21 01:15;8.6;51.8158;5.240871
2022-08-21 01:13;8.9;51.81367;5.233218
2022-08-21 01:11;8.6;51.8117;5.224107
2022-08-21 01:09;8.4;51.81011;5.216317
2022-08-21 01:06;8.7;51.80939;5.208202
2022-08-21 01:04;8.7;51.8102;5.198645
2022-08-21 01:02;9.0;51.81213;5.190615
2022-08-21 00:59;8.5;51.81485;5.181863
2022-08-21 00:57;8.7;51.81669;5.174237
2022-08-21 00:55;8.8;51.81697;5.165113
2022-08-21 00:53;8.9;51.81601;5.156637
2022-08-21 00:50;8.9;51.81425;5.14714
2022-08-21 00:48;9.2;51.81341;5.138528
2022-08-21 00:45;9.2;51.81438;5.1283
2022-08-21 00:43;9.0;51.81679;5.119612
2022-08-21 00:41;9.3;51.81974;5.112113
2022-08-21 00:38;9.2;51.82329;5.103508
2022-08-21 00:36;9.0;51.82591;5.094244
2022-08-21 00:33;9.1;51.82673;5.084203
2022-08-21 00:31;9.3;51.82563;5.07485
2022-08-21 00:29;9.4;51.82331;5.066679
2022-08-21 00:26;9.4;51.81964;5.057148
2022-08-21 00:24;9.6;51.81758;5.0486
2022-08-21 00:22;9.5;51.81675;5.03809
2022-08-21 00:19;9.7;51.81812;5.02743
2022-08-21 00:16;9.8;51.81999;5.016315
2022-08-21 00:14;9.5;51.821;5.005635
2022-08-21 00:12;9.9;51.82069;4.996137
2022-08-21 00:09;10.0;51.82109;4.984975
2022-08-21 00:07;10.1;51.82225;4.975395
2022-08-21 00:05;9.9;51.82397;4.96452
2022-08-21 00:02;10.0;51.82523;4.95439
2022-08-21 00:00;10.0;51.82646;4.943402
2022-08-20 23:57;9.8;51.82795;4.932467
2022-08-20 23:55;9.8;51.82817;4.921705
2022-08-20 23:52;10.0;51.82629;4.911053
2022-08-20 23:50;10.2;51.82302;4.900953
2022-08-20 23:48;10.0;51.81981;4.892682
2022-08-20 23:45;9.2;51.8158;4.884115
2022-08-20 23:43;9.3;51.8119;4.877632
2022-08-20 23:40;9.3;51.80737;4.870245
2022-08-20 23:38;9.4;51.80346;4.86268
2022-08-20 23:36;9.2;51.80024;4.853583
2022-08-20 23:33;9.2;51.79836;4.844692
2022-08-20 23:31;9.1;51.79755;4.835098
2022-08-20 23:29;9.3;51.7979;4.826282
2022-08-20 23:26;9.1;51.79977;4.817125
2022-08-20 23:24;9.1;51.80079;4.80779
2022-08-20 23:22;9.2;51.80037;4.798244
2022-08-20 23:19;9.5;51.79845;4.788143
2022-08-20 23:17;9.3;51.79608;4.779099
2022-08-20 23:14;9.5;51.79229;4.770512
2022-08-20 23:12;9.6;51.78857;4.76352
2022-08-20 23:10;9.3;51.78455;4.757068
2022-08-20 23:08;9.4;51.7791;4.751438
2022-08-20 23:05;9.7;51.77327;4.748255
2022-08-20 23:03;9.8;51.76714;4.745632
2022-08-20 23:01;9.4;51.76107;4.74284
2022-08-20 22:58;9.8;51.75568;4.737852
2022-08-20 22:56;9.9;51.75007;4.731682
2022-08-20 22:53;9.9;51.74488;4.724462
2022-08-20 22:51;10.0;51.74085;4.717323
2022-08-20 22:49;10.1;51.73713;4.709635
2022-08-20 22:47;10.0;51.73321;4.701277
2022-08-20 22:44;10.1;51.72985;4.69243
2022-08-20 22:42;10.2;51.7268;4.683145
2022-08-20 22:40;10.4;51.72368;4.673535
2022-08-20 22:37;10.3;51.72155;4.66324
2022-08-20 22:35;10.5;51.71995;4.652888
2022-08-20 22:33;10.6;51.71805;4.642205
2022-08-20 22:30;10.7;51.71567;4.631043
2022-08-20 22:27;10.4;51.71352;4.619029
2022-08-20 22:25;10.9;51.71139;4.606722
2022-08-20 22:22;10.5;51.70811;4.595833
2022-08-20 22:20;10.0;51.70572;4.585337
2022-08-20 22:17;10.0;51.70368;4.57542
2022-08-20 22:15;10.1;51.70177;4.566168
2022-08-20 22:13;10.1;51.69987;4.556901
2022-08-20 22:11;10.4;51.69794;4.546717
2022-08-20 22:09;10.6;51.69638;4.537718
2022-08-20 22:06;10.6;51.695;4.526958
2022-08-20 22:04;10.6;51.69389;4.516098
2022-08-20 22:02;10.6;51.69328;4.505993
2022-08-20 21:59;10.7;51.69333;4.490218
2022-08-20 21:56;10.6;51.69411;4.479907
2022-08-20 21:54;10.7;51.69525;4.469883
2022-08-20 21:52;10.7;51.6965;4.459752
2022-08-20 21:50;10.7;51.69803;4.448822
2022-08-20 21:47;10.3;51.69942;4.438189
2022-08-20 21:45;8.5;51.69917;4.428223
2022-08-20 21:43;7.7;51.69651;4.422197
2022-08-20 21:41;6.5;51.69354;4.416867
2022-08-20 21:39;4.1;51.69176;4.413434
2022-08-20 21:37;2.5;51.69039;4.410915
2022-08-20 21:32;0.0;51.69001;4.410275
2022-08-20 21:23;2.9;51.68901;4.408398
2022-08-20 21:21;3.2;51.68786;4.406273
2022-08-20 21:19;3.1;51.68667;4.403947
2022-08-20 21:17;4.6;51.68548;4.400955
2022-08-20 21:15;6.1;51.68356;4.396232
2022-08-20 21:12;8.5;51.68035;4.39124
2022-08-20 21:10;10.0;51.67611;4.386535
2022-08-20 21:08;11.1;51.67086;4.380628
2022-08-20 21:06;11.2;51.66603;4.372046
2022-08-20 21:04;11.2;51.66255;4.362768
2022-08-20 21:02;11.4;51.66033;4.353295
2022-08-20 21:00;11.4;51.65891;4.342447
2022-08-20 20:57;11.3;51.65781;4.331745
2022-08-20 20:55;11.3;51.65602;4.318735
2022-08-20 20:53;11.3;51.65429;4.309003
2022-08-20 20:50;11.4;51.65155;4.297127
2022-08-20 20:48;11.4;51.648;4.285733
2022-08-20 20:45;11.4;51.64454;4.274392
2022-08-20 20:43;11.5;51.64113;4.262833
2022-08-20 20:40;11.5;51.63735;4.249748
2022-08-20 20:38;11.2;51.63415;4.239138
2022-08-20 20:35;11.2;51.63112;4.228415
2022-08-20 20:33;10.8;51.6285;4.217822
2022-08-20 20:31;10.8;51.62502;4.20796
2022-08-20 20:28;11.0;51.62001;4.200177
2022-08-20 20:26;10.5;51.61277;4.193933
2022-08-20 20:23;10.9;51.60556;4.1907
2022-08-20 20:19;10.8;51.59423;4.192513
2022-08-20 20:17;11.1;51.58747;4.197673
2022-08-20 20:14;11.1;51.58062;4.206267
2022-08-20 20:11;11.1;51.57391;4.21507
2022-08-20 20:09;11.3;51.56796;4.222905
2022-08-20 20:06;11.0;51.56141;4.230622
2022-08-20 20:04;10.6;51.55509;4.234977
2022-08-20 20:01;11.0;51.5481;4.236187
2022-08-20 19:58;11.1;51.53925;4.234133
2022-08-20 19:55;11.2;51.52996;4.22916
2022-08-20 19:53;11.1;51.5242;4.225915
2022-08-20 19:50;10.6;51.5145;4.220567
2022-08-20 19:47;10.6;51.50779;4.219382
2022-08-20 19:45;11.2;51.50021;4.220362
2022-08-20 19:42;10.8;51.49118;4.222405
2022-08-20 19:39;10.9;51.48332;4.22412
2022-08-20 19:37;11.2;51.47618;4.225672
2022-08-20 19:35;11.0;51.47007;4.226972
2022-08-20 19:32;11.0;51.46253;4.22826
2022-08-20 19:30;10.1;51.45553;4.229537
2022-08-20 19:23;0.5;51.44871;4.230943
2022-08-20 19:18;0.1;51.44866;4.230923
2022-08-20 19:13;2.4;51.44841;4.230982
2022-08-20 19:08;6.8;51.44181;4.232292
2022-08-20 19:05;9.0;51.43568;4.2333
2022-08-20 19:03;9.6;51.43044;4.234365
2022-08-20 18:59;9.6;51.42082;4.236072
2022-08-20 18:46;9.2;51.38664;4.247324
2022-08-20 18:40;9.4;51.37616;4.266207
2022-08-20 18:38;9.6;51.37463;4.274138
2022-08-20 18:35;9.5;51.37405;4.286149
2022-08-20 18:33;6.8;51.37318;4.295688
2022-08-20 18:29;8.0;51.36829;4.300455
2022-08-20 18:27;9.7;51.36191;4.300931
2022-08-20 18:23;9.9;51.35253;4.301095
2022-08-20 18:21;10.0;51.34661;4.301113
2022-08-20 18:17;10.2;51.33521;4.303782
2022-08-20 18:15;10.2;51.32857;4.307848
2022-08-20 18:10;10.3;51.31679;4.315902
2022-08-20 18:08;10.3;51.31035;4.320853
2022-08-20 18:04;10.3;51.30193;4.327693
2022-08-20 18:01;10.3;51.29295;4.334313
2022-08-20 17:58;10.1;51.28521;4.339898
2022-08-20 17:56;9.2;51.27965;4.342847
2022-08-20 17:53;5.5;51.27507;4.33968
2022-08-20 17:51;4.7;51.27606;4.335623
2022-08-20 17:48;0.6;51.27777;4.333193
2022-08-20 17:38;0.0;51.2778;4.333157
2022-08-20 17:15;0.1;51.27779;4.333182
2022-08-20 17:13;2.8;51.27846;4.332162
2022-08-20 17:10;3.9;51.28054;4.329182
2022-08-20 17:06;7.6;51.28101;4.322075
2022-08-20 17:04;8.0;51.27715;4.316982
2022-08-20 17:01;5.0;51.27449;4.312383
2022-08-20 16:58;6.8;51.27048;4.307633
2022-08-20 16:56;4.8;51.26761;4.303598
2022-08-20 16:53;7.2;51.2639;4.299475
2022-08-20 16:50;8.8;51.25749;4.301971
2022-08-20 16:47;10.5;51.25364;4.311626
2022-08-20 16:44;10.4;51.25185;4.325153
2022-08-20 16:41;9.5;51.24765;4.335289
2022-08-20 16:38;8.5;51.24174;4.343975
2022-08-20 16:36;8.7;51.23905;4.351557
2022-08-20 16:33;9.2;51.23827;4.360742
2022-08-20 16:31;9.8;51.23823;4.371615
2022-08-20 16:28;9.2;51.23845;4.381228
2022-08-20 16:26;9.4;51.23766;4.392748
2022-08-20 16:23;9.8;51.23244;4.39893
2022-08-20 16:21;9.9;51.22662;4.397155
2022-08-20 16:18;10.2;51.22053;4.393217
2022-08-20 16:16;9.9;51.2143;4.388348
2022-08-20 16:13;8.2;51.20906;4.381175
2022-08-20 16:11;0.9;51.20756;4.378365
2022-08-20 16:09;5.0;51.20827;4.382142
2022-08-20 15:45;0.0;51.20947;4.384975
2022-08-20 15:22;0.0;51.20947;4.384965
2022-08-20 14:58;0.0;51.20949;4.384978
2022-08-20 14:38;0.0;51.20949;4.384972
2022-08-20 14:13;0.0;51.20945;4.384962
2022-08-20 13:52;0.0;51.20948;4.384968
2022-08-20 13:30;0.0;51.20947;4.384972
2022-08-20 13:09;0.0;51.20945;4.385015
2022-08-20 12:47;0.0;51.20949;4.384988
2022-08-20 12:25;0.0;51.2095;4.384985
2022-08-20 12:02;0.0;51.2095;4.384988
2022-08-20 11:39;0.0;51.20951;4.384972
2022-08-20 11:17;0.0;51.20949;4.384955
2022-08-20 10:54;0.0;51.20949;4.384974
2022-08-20 10:33;0.0;51.20945;4.384967
2022-08-20 10:09;0.0;51.20945;4.384958
2022-08-20 09:47;0.1;51.20945;4.384948
2022-08-20 09:23;0.0;51.20944;4.384957
2022-08-20 09:01;0.0;51.20948;4.384982
2022-08-20 08:38;0.0;51.20947;4.384978
2022-08-20 08:16;0.0;51.20947;4.384968
2022-08-20 07:53;0.0;51.20948;4.38496
2022-08-20 07:31;0.0;51.20949;4.384962
2022-08-20 07:09;0.0;51.20948;4.38497
2022-08-20 06:47;0.0;51.20949;4.38497
2022-08-20 06:27;0.0;51.20951;4.384984
2022-08-20 06:05;0.0;51.2095;4.384975
2022-08-20 05:41;0.0;51.20948;4.384967
2022-08-20 05:19;0.0;51.20948;4.384974
2022-08-20 04:57;0.0;51.20949;4.38497
2022-08-20 04:35;0.0;51.20948;4.384995
2022-08-20 04:13;0.0;51.20949;4.384968
2022-08-20 03:50;0.0;51.20948;4.384967
2022-08-20 03:27;0.0;51.20947;4.38498
2022-08-20 03:06;0.0;51.20949;4.384975
2022-08-20 02:44;0.0;51.20949;4.384967
2022-08-20 02:21;0.0;51.2095;4.38497
2022-08-20 01:59;0.0;51.20949;4.384965
2022-08-20 01:35;0.6;51.20965;4.385092
2022-08-20 01:32;2.7;51.21103;4.386017
2022-08-20 01:30;5.7;51.21335;4.387955
2022-08-20 01:27;8.4;51.21779;4.390282
2022-08-20 01:24;10.2;51.2245;4.394665
2022-08-20 01:22;9.4;51.23135;4.3987
2022-08-20 01:19;10.2;51.2364;4.396095
2022-08-20 01:17;10.5;51.23826;4.385278
2022-08-20 01:14;10.5;51.23833;4.37286
2022-08-20 01:12;10.0;51.23806;4.361423
2022-08-20 01:09;9.8;51.23863;4.35132
2022-08-20 01:07;10.0;51.24178;4.342692
2022-08-20 01:05;10.0;51.24597;4.335943
2022-08-20 01:02;9.8;51.25139;4.326618
2022-08-20 00:59;10.6;51.25282;4.315438
2022-08-20 00:57;10.4;51.25447;4.304273
2022-08-20 00:54;9.8;51.26052;4.297818
2022-08-20 00:51;10.5;51.2683;4.302195
2022-08-20 00:49;10.6;51.2734;4.31052
2022-08-20 00:46;10.0;51.27816;4.318933
2022-08-20 00:44;10.0;51.28371;4.321638
2022-08-20 00:42;10.2;51.28976;4.31646
2022-08-20 00:39;10.7;51.29379;4.305974
2022-08-20 00:36;10.8;51.29651;4.294
2022-08-20 00:34;10.5;51.29911;4.283612
2022-08-20 00:31;10.6;51.30442;4.274648
2022-08-20 00:29;10.7;51.31011;4.271007
2022-08-20 00:27;10.7;51.31713;4.27106
2022-08-20 00:25;10.5;51.32305;4.27467
2022-08-20 00:22;10.7;51.3299;4.275795
2022-08-20 00:20;8.5;51.33672;4.274909
2022-08-20 00:17;9.3;51.34215;4.27098
2022-08-20 00:15;5.8;51.34566;4.270258
2022-08-20 00:12;5.4;51.3452;4.275283
2022-08-20 00:10;5.3;51.34453;4.281072
2022-08-20 00:07;1.5;51.34427;4.286203
2022-08-20 00:04;0.0;51.34426;4.286572
2022-08-19 23:41;0.0;51.34427;4.286553
2022-08-19 23:37;2.8;51.34417;4.287993
2022-08-19 23:35;2.4;51.34389;4.29072
2022-08-19 23:32;3.4;51.34493;4.294199
2022-08-19 23:30;8.0;51.34756;4.29852
2022-08-19 23:27;11.2;51.35397;4.300728
2022-08-19 23:24;11.0;51.36221;4.300605
2022-08-19 23:20;11.0;51.37305;4.293585
2022-08-19 23:17;11.3;51.37392;4.27939
2022-08-19 23:15;11.0;51.37563;4.267426
2022-08-19 23:12;10.9;51.38012;4.255692
2022-08-19 23:01;6.5;51.40937;4.238153
2022-08-19 22:30;0.1;51.44831;4.229979
2022-08-19 22:27;1.3;51.44957;4.229733
2022-08-19 22:24;1.7;51.45075;4.229528
2022-08-19 22:21;2.3;51.45224;4.229357
2022-08-19 22:18;4.8;51.45528;4.229136
2022-08-19 22:15;6.4;51.45879;4.228702
2022-08-19 22:13;11.6;51.46487;4.227632
2022-08-19 22:10;11.9;51.47244;4.225528
2022-08-19 22:08;11.0;51.48096;4.223922
2022-08-19 22:05;9.0;51.48727;4.222456
2022-08-19 22:02;11.7;51.4967;4.220593
2022-08-19 22:00;11.6;51.50468;4.219137
2022-08-19 21:57;11.5;51.51278;4.219387
2022-08-19 21:55;12.1;51.52077;4.223392
2022-08-19 21:52;11.4;51.52905;4.228577
2022-08-19 21:49;11.8;51.53648;4.232572
2022-08-19 21:47;11.4;51.54474;4.235848
2022-08-19 21:44;11.5;51.5526;4.235458
2022-08-19 21:42;11.8;51.5602;4.231473
2022-08-19 21:38;11.7;51.56981;4.219968
2022-08-19 21:35;11.8;51.57715;4.210117
2022-08-19 21:32;11.5;51.58469;4.2003
2022-08-19 21:29;11.6;51.59254;4.193092
2022-08-19 21:26;11.7;51.60263;4.190135
2022-08-19 21:24;11.6;51.61016;4.191893
2022-08-19 21:21;11.6;51.61811;4.197723
2022-08-19 21:19;11.8;51.62341;4.204718
2022-08-19 21:16;11.7;51.62783;4.215545
2022-08-19 21:14;11.9;51.63077;4.22768
2022-08-19 21:12;11.9;51.63375;4.238227
2022-08-19 21:09;12.4;51.63752;4.249447
2022-08-19 21:07;12.2;51.64199;4.26213
2022-08-19 21:05;12.2;51.6455;4.272413
2022-08-19 21:02;12.2;51.64937;4.2855
2022-08-19 21:00;12.5;51.65258;4.297225
2022-08-19 20:57;12.5;51.65617;4.309864
2022-08-19 20:55;12.3;51.65891;4.321977
2022-08-19 20:53;12.4;51.66008;4.333783
2022-08-19 20:50;12.0;51.66078;4.345587
2022-08-19 20:48;12.3;51.6636;4.358388
2022-08-19 20:46;12.0;51.66679;4.36914
2022-08-19 20:44;11.8;51.6707;4.378692
2022-08-19 20:41;11.8;51.67639;4.385667
2022-08-19 20:39;8.7;51.68197;4.392406
2022-08-19 20:37;8.4;51.6855;4.398197
2022-08-19 20:35;7.1;51.68839;4.40389
2022-08-19 20:33;0.5;51.69032;4.407477
2022-08-19 20:17;0.0;51.69035;4.407533
2022-08-19 20:15;1.3;51.6905;4.407778
2022-08-19 20:11;4.7;51.69301;4.412418
2022-08-19 20:09;6.6;51.69505;4.41645
2022-08-19 20:07;7.9;51.69805;4.422735
2022-08-19 20:05;10.5;51.69964;4.430237
2022-08-19 20:02;10.2;51.69858;4.444048
2022-08-19 19:59;4.9;51.69721;4.446852
2022-08-19 19:57;2.4;51.69579;4.442948
2022-08-19 19:40;0.1;51.69573;4.442577
2022-08-19 19:18;0.0;51.6957;4.442567
2022-08-19 18:56;0.0;51.69571;4.442564
2022-08-19 18:33;0.0;51.69572;4.442574
2022-08-19 18:12;0.0;51.69572;4.442568
2022-08-19 17:49;0.0;51.6957;4.44255
2022-08-19 17:27;0.0;51.69571;4.442574
2022-08-19 17:05;0.0;51.69569;4.442584
2022-08-19 16:43;0.0;51.69569;4.44258
2022-08-19 16:21;0.0;51.69568;4.442577
2022-08-19 16:00;0.0;51.6957;4.442567
2022-08-19 15:38;0.0;51.69569;4.442587
2022-08-19 15:16;0.0;51.69569;4.442587
2022-08-19 14:55;0.0;51.69569;4.442584
2022-08-19 14:33;0.0;51.69569;4.442574
2022-08-19 14:12;0.0;51.69569;4.442606
2022-08-19 13:49;0.0;51.69572;4.442577
2022-08-19 13:27;0.0;51.69573;4.442558
2022-08-19 13:05;0.0;51.69573;4.44257
2022-08-19 12:44;0.0;51.69572;4.442552
2022-08-19 12:42;0.6;51.69574;4.442678
2022-08-19 12:39;2.6;51.69621;4.444489
2022-08-19 12:37;6.5;51.69674;4.447127
2022-08-19 12:35;12.2;51.69654;4.45827
2022-08-19 12:33;11.9;51.69623;4.469863
2022-08-19 12:30;12.2;51.69515;4.482162
2022-08-19 12:28;12.2;51.69477;4.495022
2022-08-19 12:26;12.1;51.69499;4.506828
2022-08-19 12:24;12.0;51.69546;4.518288
2022-08-19 12:21;12.0;51.69687;4.530543
2022-08-19 12:19;12.2;51.69895;4.541697
2022-08-19 12:17;12.2;51.70107;4.553093
2022-08-19 12:14;12.2;51.70374;4.566998
2022-08-19 12:12;12.1;51.70595;4.5782
2022-08-19 12:10;12.0;51.70857;4.58999
2022-08-19 12:08;11.7;51.71087;4.600858
2022-08-19 12:06;11.1;51.71291;4.61058
2022-08-19 12:03;12.2;51.71751;4.61947
2022-08-19 12:01;12.3;51.72594;4.625013
2022-08-19 11:58;12.5;51.73425;4.62868
2022-08-19 11:56;12.3;51.74208;4.631027
2022-08-19 11:54;12.4;51.74951;4.631232
2022-08-19 11:51;12.8;51.75743;4.62796
2022-08-19 11:49;12.8;51.76555;4.626165
2022-08-19 11:47;12.8;51.77394;4.626825
2022-08-19 11:44;12.6;51.78151;4.627113
2022-08-19 11:42;12.7;51.78841;4.624678
2022-08-19 11:40;10.9;51.7964;4.621802
2022-08-19 11:38;10.3;51.80103;4.627079
2022-08-19 11:36;11.1;51.80342;4.636776
2022-08-19 11:33;11.3;51.80819;4.645487
2022-08-19 11:31;11.5;51.81352;4.65269
2022-08-19 11:29;11.8;51.81861;4.661783
2022-08-19 11:26;11.8;51.82419;4.668694
2022-08-19 11:24;12.1;51.83141;4.669718
2022-08-19 11:22;10.7;51.83819;4.672688
2022-08-19 11:20;12.3;51.84546;4.666564
2022-08-19 11:17;11.2;51.85275;4.657632
2022-08-19 11:14;12.3;51.86078;4.649633
2022-08-19 11:11;12.4;51.86797;4.63874
2022-08-19 11:09;12.5;51.87323;4.63185
2022-08-19 11:07;12.3;51.88103;4.626172
2022-08-19 11:04;11.7;51.88766;4.619562
2022-08-19 11:02;12.1;51.89099;4.608634
2022-08-19 10:59;12.0;51.89499;4.592145
2022-08-19 10:56;11.8;51.90083;4.581855
2022-08-19 10:53;12.0;51.90363;4.569165
2022-08-19 10:51;12.0;51.90467;4.55774
2022-08-19 10:49;7.7;51.90336;4.542797
2022-08-19 10:46;10.8;51.90022;4.529013
2022-08-19 10:43;11.4;51.90224;4.51875
2022-08-19 10:41;11.0;51.91025;4.51533
2022-08-19 10:38;11.3;51.9159;4.509593
2022-08-19 10:36;10.9;51.918;4.497033
2022-08-19 10:34;1.9;51.91587;4.491098
2022-08-19 10:31;0.5;51.91587;4.490363
2022-08-19 10:22;0.1;51.9159;4.490312
2022-08-19 09:59;0.0;51.91584;4.490207
2022-08-19 09:37;0.0;51.91584;4.490215
2022-08-19 09:15;0.1;51.91585;4.49022
2022-08-19 08:52;0.1;51.91583;4.490207
2022-08-19 08:29;0.0;51.91583;4.49022
2022-08-19 08:08;0.0;51.91585;4.490162
2022-08-19 07:46;0.0;51.91585;4.490208
2022-08-19 07:24;0.0;51.91585;4.490227
2022-08-19 07:00;0.0;51.91585;4.490185
2022-08-19 06:38;0.0;51.91583;4.490171
2022-08-19 06:17;0.0;51.91583;4.490191
2022-08-19 05:54;0.0;51.91584;4.490171
2022-08-19 05:32;0.0;51.91584;4.490201
2022-08-19 05:11;0.0;51.91585;4.4902
2022-08-19 04:48;0.0;51.91585;4.4902
2022-08-19 04:27;0.0;51.91584;4.490222
2022-08-19 04:05;0.0;51.91583;4.490218
2022-08-19 03:43;0.0;51.91585;4.490232
2022-08-19 03:21;0.0;51.91585;4.4902
2022-08-19 03:00;0.3;51.91578;4.490318
2022-08-19 02:57;0.6;51.91559;4.490555
2022-08-19 02:55;1.3;51.91498;4.49082
2022-08-19 02:52;5.2;51.91595;4.49394
2022-08-19 02:50;6.6;51.9177;4.499087
2022-08-19 02:47;8.8;51.91721;4.507033
2022-08-19 02:45;9.3;51.91389;4.513842
2022-08-19 02:43;9.8;51.90845;4.517211
2022-08-19 02:41;8.9;51.90315;4.520103
2022-08-19 02:39;9.8;51.90071;4.527213
2022-08-19 02:36;10.2;51.90304;4.538785
2022-08-19 02:34;9.9;51.90467;4.547425
2022-08-19 02:32;10.1;51.90547;4.556955
2022-08-19 02:30;10.2;51.90468;4.567383
2022-08-19 02:28;10.1;51.90331;4.57622
2022-08-19 02:25;10.0;51.90005;4.585223
2022-08-19 02:23;9.8;51.89575;4.592717
2022-08-19 02:21;10.7;51.89295;4.601558
2022-08-19 02:18;10.0;51.89063;4.613687
2022-08-19 02:16;9.3;51.88969;4.623417
2022-08-19 02:13;9.3;51.89063;4.63321
2022-08-19 02:11;9.5;51.89063;4.642962
2022-08-19 02:09;9.6;51.89011;4.652332
2022-08-19 02:06;9.2;51.88991;4.662883
2022-08-19 02:04;9.3;51.89051;4.672359
2022-08-19 02:02;9.6;51.89283;4.680793
2022-08-19 02:00;9.5;51.89489;4.690328
2022-08-19 01:57;9.3;51.89663;4.69974
2022-08-19 01:55;9.5;51.89709;4.70956
2022-08-19 01:53;9.3;51.89745;4.718618
2022-08-19 01:50;9.9;51.89962;4.727962
2022-08-19 01:48;9.9;51.90257;4.736435
2022-08-19 01:46;9.9;51.90625;4.744935
2022-08-19 01:43;10.0;51.91071;4.753597
2022-08-19 01:41;9.9;51.91446;4.762002
2022-08-19 01:39;9.8;51.91662;4.770935
2022-08-19 01:37;9.9;51.91747;4.780165
2022-08-19 01:34;10.2;51.91963;4.790302
2022-08-19 01:32;9.8;51.92151;4.800243
2022-08-19 01:30;9.9;51.92398;4.809593
2022-08-19 01:27;9.9;51.92842;4.817068
2022-08-19 01:25;9.9;51.93392;4.82486
2022-08-19 01:22;9.4;51.93927;4.83265
2022-08-19 01:19;9.5;51.9412;4.843502
2022-08-19 01:16;9.0;51.9414;4.855999
2022-08-19 01:14;9.6;51.9395;4.866263
2022-08-19 01:11;9.6;51.93816;4.876693
2022-08-19 01:09;10.2;51.93909;4.888337
2022-08-19 01:06;10.5;51.94075;4.900658
2022-08-19 01:03;9.9;51.94236;4.913495
2022-08-19 01:00;10.0;51.94617;4.923062
2022-08-19 00:58;10.2;51.95204;4.92791
2022-08-19 00:56;10.0;51.95816;4.93175
2022-08-19 00:53;10.1;51.96295;4.93875
2022-08-19 00:51;9.9;51.96346;4.949518
2022-08-19 00:48;9.6;51.96045;4.959098
2022-08-19 00:46;9.2;51.96036;4.969543
2022-08-19 00:43;9.8;51.96483;4.97713
2022-08-19 00:41;9.9;51.9703;4.982685
2022-08-19 00:38;9.9;51.97544;4.991187
2022-08-19 00:36;9.7;51.97719;5.004655
2022-08-19 00:34;9.7;51.9756;5.00982
2022-08-19 00:31;9.6;51.97114;5.016917
2022-08-19 00:29;9.4;51.9687;5.02565
2022-08-19 00:27;9.2;51.97065;5.03525
2022-08-19 00:24;9.6;51.97615;5.03985
2022-08-19 00:22;9.8;51.98122;5.044135
2022-08-19 00:19;9.3;51.98595;5.05266
2022-08-19 00:17;9.4;51.98958;5.060315
2022-08-19 00:14;8.9;51.99446;5.067902
2022-08-19 00:12;9.0;51.99705;5.07557
2022-08-19 00:10;9.2;51.99999;5.08544
2022-08-19 00:07;9.3;52.00244;5.095237
2022-08-19 00:05;8.2;52.0039;5.10331
2022-08-19 00:02;5.9;52.00777;5.107312
2022-08-19 00:00;3.5;52.01147;5.109588
2022-08-18 23:58;1.6;52.01264;5.110135
2022-08-18 23:41;0.1;52.01282;5.110183
2022-08-18 23:36;2.4;52.01384;5.110641
2022-08-18 23:32;3.3;52.01668;5.112051
2022-08-18 23:30;3.8;52.01897;5.11298
2022-08-18 23:27;4.0;52.02181;5.113863
2022-08-18 23:25;4.5;52.02412;5.114588
2022-08-18 23:22;5.4;52.02843;5.11485
2022-08-18 23:19;6.1;52.03259;5.113395
2022-08-18 23:17;7.6;52.03654;5.111693
2022-08-18 23:14;8.3;52.04279;5.108645
2022-08-18 23:12;8.6;52.04761;5.106343
2022-08-18 23:10;9.3;52.05392;5.102967
2022-08-18 23:07;9.7;52.05905;5.098732
2022-08-18 23:05;8.6;52.06418;5.093926
2022-08-18 23:03;8.6;52.0689;5.089422
2022-08-18 23:00;8.2;52.07467;5.084143
2022-08-18 22:57;9.6;52.08105;5.080347
2022-08-18 22:54;9.5;52.0892;5.07865
2022-08-18 22:51;9.2;52.09579;5.077404
2022-08-18 22:49;9.3;52.10172;5.076412
2022-08-18 22:46;8.9;52.11003;5.076963
2022-08-18 22:43;9.3;52.11555;5.07285
2022-08-18 22:41;9.6;52.11979;5.065542
2022-08-18 22:38;9.4;52.12465;5.057297
2022-08-18 22:36;8.9;52.12921;5.049132
2022-08-18 22:33;8.8;52.13225;5.041467
2022-08-18 22:31;9.5;52.13656;5.033475
2022-08-18 22:29;9.4;52.14048;5.026697
2022-08-18 22:26;9.6;52.14497;5.018808
2022-08-18 22:24;9.6;52.1495;5.011035
2022-08-18 22:21;9.2;52.15396;5.003285
2022-08-18 22:18;9.4;52.16095;4.996645
2022-08-18 22:15;9.4;52.16839;4.995118
2022-08-18 22:13;9.3;52.17831;4.993923
2022-08-18 22:11;9.1;52.17965;4.994075
2022-08-18 22:07;8.0;52.18745;4.996018
2022-08-18 22:03;9.7;52.19881;4.998975
2022-08-18 21:59;9.6;52.20836;5.001595
2022-08-18 21:56;9.5;52.21497;5.003433
2022-08-18 21:52;6.6;52.22583;5.00639
2022-08-18 21:49;9.5;52.23364;5.008471
2022-08-18 21:46;9.5;52.24099;5.010465
2022-08-18 21:43;9.4;52.24891;5.012593
2022-08-18 21:41;9.6;52.25551;5.014473
2022-08-18 21:38;9.4;52.26258;5.01639
2022-08-18 21:35;9.4;52.26988;5.018402
2022-08-18 21:33;8.4;52.27545;5.020226
2022-08-18 21:29;9.5;52.28511;5.021657
2022-08-18 21:26;9.6;52.29263;5.021375
2022-08-18 21:23;9.3;52.30145;5.021318
2022-08-18 21:20;9.5;52.30844;5.020053
2022-08-18 21:18;9.6;52.31422;5.019092
2022-08-18 21:16;9.5;52.32082;5.017877
2022-08-18 21:14;9.2;52.32605;5.017653
2022-08-18 21:11;9.4;52.33233;5.01527
2022-08-18 21:06;10.2;52.34137;5.000167
2022-08-18 21:04;9.9;52.34578;4.9918
2022-08-18 21:01;9.7;52.35084;4.98229
2022-08-18 20:59;9.3;52.35507;4.973902
2022-08-18 20:56;7.5;52.35725;4.964726
2022-08-18 20:53;7.4;52.36133;4.959058
2022-08-18 20:50;7.4;52.36866;4.956612
2022-08-18 20:47;7.5;52.37348;4.955415
2022-08-18 20:45;7.2;52.3777;4.953367
2022-08-18 20:43;8.0;52.3816;4.948713
2022-08-18 20:41;8.1;52.3824;4.940293
2022-08-18 20:38;8.2;52.38206;4.931716
2022-08-18 20:36;7.2;52.38093;4.923093
2022-08-18 20:33;5.6;52.38015;4.9162
2022-08-18 20:26;0.2;52.37878;4.910537
2022-08-18 20:24;0.7;52.37855;4.910325
2022-08-18 20:22;0.7;52.37851;4.90965
2022-08-18 20:20;0.6;52.37851;4.908872
2022-08-18 19:56;0.1;52.37854;4.908711
2022-08-18 19:36;0.1;52.37854;4.908708
2022-08-18 19:14;0.0;52.37852;4.908715
2022-08-18 18:52;0.0;52.37853;4.908687
2022-08-18 18:30;0.0;52.37852;4.908705
2022-08-18 18:06;0.1;52.37852;4.90871
2022-08-18 17:44;0.0;52.37853;4.908702
2022-08-18 17:24;0.0;52.37851;4.908693
2022-08-18 17:01;0.0;52.37852;4.908725
2022-08-18 16:39;0.0;52.37849;4.908723
2022-08-18 16:18;0.0;52.37852;4.908707
2022-08-18 15:57;0.0;52.37854;4.908718
2022-08-18 15:35;0.0;52.37852;4.908685
2022-08-18 15:12;0.4;52.37849;4.908703
2022-08-18 14:49;0.0;52.37851;4.90872
2022-08-18 14:27;0.1;52.37853;4.908711
2022-08-18 14:25;1.3;52.3785;4.908727
2022-08-18 14:03;0.1;52.37852;4.908695
2022-08-18 13:40;0.0;52.37852;4.908703
2022-08-18 13:17;0.0;52.3785;4.908715
2022-08-18 12:55;0.0;52.37852;4.90871
2022-08-18 12:32;0.0;52.37851;4.908682
2022-08-18 12:11;0.1;52.3785;4.908687
2022-08-18 11:48;0.0;52.37852;4.908692
2022-08-18 11:27;0.1;52.3785;4.908702
2022-08-18 11:05;0.0;52.37851;4.908713
2022-08-18 10:43;0.0;52.37852;4.908697
2022-08-18 10:20;0.0;52.37852;4.908672
2022-08-18 09:58;0.0;52.3785;4.908737
2022-08-18 09:36;0.0;52.37851;4.908687
2022-08-18 09:13;0.0;52.37852;4.908689
2022-08-18 08:51;0.0;52.3785;4.908708
2022-08-18 08:30;0.0;52.37852;4.908693
2022-08-18 08:08;0.0;52.37852;4.90871
2022-08-18 07:47;0.0;52.37849;4.908687
2022-08-18 07:25;0.0;52.37853;4.908669
2022-08-18 07:03;0.1;52.37851;4.908687
2022-08-18 06:41;0.1;52.37853;4.908717
2022-08-18 06:19;0.0;52.37852;4.90871
2022-08-18 05:58;0.1;52.37852;4.908673
2022-08-18 05:37;0.0;52.37851;4.908708
2022-08-18 05:15;0.0;52.37851;4.90869
2022-08-18 04:53;0.1;52.37851;4.908659
2022-08-18 04:32;0.0;52.37851;4.908693
2022-08-18 04:10;0.0;52.37852;4.908715
2022-08-18 03:48;0.0;52.37851;4.908692
2022-08-18 03:26;0.0;52.37852;4.908695
2022-08-18 03:04;0.0;52.37852;4.908693
2022-08-18 02:43;0.0;52.37853;4.908705
2022-08-18 02:21;0.0;52.37852;4.90871
2022-08-18 01:59;0.0;52.37855;4.908675
2022-08-18 01:36;0.0;52.37852;4.908692
2022-08-18 01:15;0.0;52.37854;4.9087
2022-08-18 00:54;0.0;52.37853;4.908718
2022-08-18 00:31;0.0;52.37856;4.908707
2022-08-18 00:10;0.0;52.37848;4.908682
2022-08-17 23:48;0.0;52.37852;4.908679
2022-08-17 23:27;0.0;52.37854;4.908667
2022-08-17 23:04;0.4;52.37853;4.908893
2022-08-17 23:02;1.0;52.37852;4.909544
2022-08-17 22:58;4.2;52.37951;4.912973
2022-08-17 22:55;10.3;52.38107;4.920217
2022-08-17 22:53;10.6;52.38236;4.930702
2022-08-17 22:51;10.8;52.38271;4.942662
2022-08-17 22:48;9.2;52.38136;4.953802
2022-08-17 22:46;1.8;52.38016;4.959103
2022-08-17 22:37;0.0;52.38004;4.959585
2022-08-17 22:35;1.0;52.37995;4.95999
2022-08-17 22:33;1.8;52.37957;4.961438
2022-08-17 22:30;1.3;52.37891;4.963183
2022-08-17 22:22;0.0;52.37876;4.963304
2022-08-17 22:19;0.5;52.37875;4.963493
2022-08-17 22:17;1.7;52.37863;4.964628
2022-08-17 22:15;5.6;52.37784;4.966953
2022-08-17 22:12;7.2;52.37487;4.972792
2022-08-17 22:10;9.1;52.37165;4.97941
2022-08-17 22:08;10.7;52.36899;4.988402
2022-08-17 22:05;10.6;52.36863;5.001312
2022-08-17 22:03;10.5;52.36975;5.012457
2022-08-17 22:01;10.5;52.37194;5.02193
2022-08-17 21:58;10.4;52.37492;5.031882
2022-08-17 21:56;10.7;52.37809;5.041623
2022-08-17 21:54;10.9;52.38104;5.050192
2022-08-17 21:52;11.2;52.3843;5.059757
2022-08-17 21:50;10.8;52.38781;5.06976
2022-08-17 21:48;10.6;52.39079;5.078122
2022-08-17 21:45;11.2;52.39442;5.08779
2022-08-17 21:43;11.6;52.39851;5.098027
2022-08-17 21:41;10.6;52.40245;5.107762
2022-08-17 21:38;10.5;52.40593;5.116505
2022-08-17 21:36;10.9;52.4093;5.124557
2022-08-17 21:34;11.4;52.41313;5.133363
2022-08-17 21:32;11.7;52.41721;5.142502
2022-08-17 21:30;11.5;52.42116;5.151898
2022-08-17 21:28;11.0;52.42575;5.160455
2022-08-17 21:26;10.4;52.43017;5.167805
2022-08-17 21:23;10.4;52.43555;5.17326
2022-08-17 21:21;10.4;52.44103;5.178333
2022-08-17 21:19;10.0;52.44753;5.184387
2022-08-17 21:16;10.1;52.45353;5.188615
2022-08-17 21:14;10.1;52.45932;5.191463
2022-08-17 21:12;10.1;52.46527;5.19289
2022-08-17 21:10;10.2;52.47183;5.193733
2022-08-17 21:07;10.3;52.47796;5.194561
2022-08-17 21:05;10.3;52.48421;5.195382
2022-08-17 21:03;10.2;52.49037;5.195795
2022-08-17 21:01;10.2;52.49611;5.195271
2022-08-17 20:59;10.2;52.503;5.1929
2022-08-17 20:56;10.3;52.50942;5.189977
2022-08-17 20:54;10.3;52.51515;5.18668
2022-08-17 20:52;10.2;52.52141;5.18302
2022-08-17 20:49;10.1;52.52811;5.179097
2022-08-17 20:47;10.1;52.53431;5.175525
2022-08-17 20:45;10.2;52.53942;5.171605
2022-08-17 20:43;10.1;52.54493;5.167181
2022-08-17 20:40;9.9;52.55119;5.162122
2022-08-17 20:38;9.6;52.55681;5.15753
2022-08-17 20:36;9.5;52.562;5.153214
2022-08-17 20:34;9.5;52.56705;5.148972
2022-08-17 20:31;9.5;52.57218;5.144683
2022-08-17 20:29;9.4;52.57718;5.140312
2022-08-17 20:27;9.4;52.58229;5.135007
2022-08-17 20:25;9.4;52.58703;5.130025
2022-08-17 20:22;9.4;52.59216;5.124649
2022-08-17 20:20;9.4;52.59653;5.12003
2022-08-17 20:18;9.4;52.60171;5.11453
2022-08-17 20:16;9.2;52.60705;5.108867
2022-08-17 20:13;8.4;52.61187;5.103785
2022-08-17 20:11;8.2;52.61602;5.099365
2022-08-17 20:09;7.7;52.62007;5.095072
2022-08-17 20:07;8.2;52.62253;5.087673
2022-08-17 20:04;8.0;52.62444;5.079522
2022-08-17 20:02;7.5;52.62622;5.071852
2022-08-17 20:00;4.2;52.62719;5.065307
2022-08-17 19:57;3.3;52.62811;5.064897
2022-08-17 19:55;4.4;52.63049;5.065388
2022-08-17 19:52;3.9;52.63338;5.064397
2022-08-17 19:50;2.0;52.63553;5.063593
2022-08-17 19:45;0.0;52.63584;5.063362
2022-08-17 19:22;0.0;52.63583;5.063352
2022-08-17 19:00;0.0;52.63582;5.063365
2022-08-17 18:39;0.0;52.63582;5.063368
2022-08-17 18:18;0.0;52.63581;5.063374
2022-08-17 17:56;0.0;52.63583;5.063357
2022-08-17 17:34;0.0;52.63585;5.063347
2022-08-17 17:12;0.0;52.63584;5.063318
2022-08-17 16:49;0.0;52.63585;5.063325
2022-08-17 16:27;0.0;52.63586;5.063323
2022-08-17 16:05;0.0;52.63585;5.063332
2022-08-17 15:44;0.0;52.63585;5.063322
2022-08-17 15:22;0.0;52.63583;5.063317
2022-08-17 14:59;0.0;52.63583;5.063323
2022-08-17 14:37;0.0;52.63582;5.063338
2022-08-17 14:15;0.0;52.63581;5.063357
2022-08-17 13:53;0.0;52.63581;5.063374
2022-08-17 13:31;0.0;52.63581;5.063358
2022-08-17 13:09;0.0;52.63583;5.063352
2022-08-17 12:46;0.2;52.63567;5.063583
2022-08-17 12:44;1.0;52.63556;5.063735
2022-08-17 12:42;1.9;52.6346;5.063927
2022-08-17 12:39;5.2;52.63227;5.065797
2022-08-17 12:36;8.3;52.63006;5.071567
2022-08-17 12:34;9.0;52.62734;5.079838
2022-08-17 12:32;9.3;52.62439;5.0884
2022-08-17 12:30;9.4;52.6215;5.096208
2022-08-17 12:27;9.4;52.61806;5.10354
2022-08-17 12:25;9.4;52.61433;5.110592
2022-08-17 12:23;9.6;52.61047;5.117488
2022-08-17 12:21;9.5;52.59452;5.142247
2022-08-17 12:19;9.5;52.60252;5.129913
2022-08-17 12:17;9.5;52.59785;5.136563
2022-08-17 12:14;9.5;52.59391;5.143281
2022-08-17 12:12;9.4;52.58968;5.149532
2022-08-17 12:10;9.4;52.58561;5.155837
2022-08-17 12:08;9.4;52.58203;5.162285
2022-08-17 12:06;9.3;52.57794;5.169423
2022-08-17 12:04;9.3;52.57453;5.17571
2022-08-17 12:02;9.4;52.57108;5.182963
2022-08-17 11:59;9.4;52.56783;5.190592
2022-08-17 11:57;9.4;52.5647;5.198283
2022-08-17 11:55;9.4;52.56163;5.206042
2022-08-17 11:53;9.4;52.5589;5.213315
2022-08-17 11:51;9.3;52.55583;5.221902
2022-08-17 11:48;9.3;52.55242;5.229977
2022-08-17 11:46;9.1;52.54923;5.237393
2022-08-17 11:44;9.3;52.54677;5.24557
2022-08-17 11:42;9.3;52.54491;5.254892
2022-08-17 11:40;9.3;52.5423;5.262212
2022-08-17 11:38;9.3;52.53929;5.270058
2022-08-17 11:36;9.3;52.53661;5.27724
2022-08-17 11:33;9.4;52.53323;5.285445
2022-08-17 11:31;9.4;52.53026;5.293125
2022-08-17 11:29;9.3;52.52757;5.300462
2022-08-17 11:27;9.4;52.52412;5.308563
2022-08-17 11:25;9.3;52.52125;5.31648
2022-08-17 11:22;9.2;52.51841;5.325053
2022-08-17 11:20;9.2;52.51566;5.33465
2022-08-17 11:18;9.2;52.51326;5.34365
2022-08-17 11:15;9.5;52.51183;5.352353
2022-08-17 11:13;9.7;52.51168;5.362582
2022-08-17 11:10;9.6;52.51064;5.373466
2022-08-17 11:08;9.5;52.50968;5.384799
2022-08-17 11:05;9.7;52.51001;5.39493
2022-08-17 11:03;9.6;52.51054;5.405157
2022-08-17 11:00;9.0;52.51105;5.416615
2022-08-17 10:58;9.1;52.51301;5.426971
2022-08-17 10:54;1.2;52.51747;5.434558
2022-08-17 10:51;0.8;52.51778;5.435177
2022-08-17 10:49;0.7;52.51786;5.435817
2022-08-17 10:32;0.0;52.51777;5.436177
2022-08-17 10:11;0.0;52.51777;5.436175
2022-08-17 09:49;0.0;52.51777;5.436175
2022-08-17 09:21;0.0;52.51775;5.43617
2022-08-17 08:59;0.0;52.51776;5.43619
2022-08-17 08:37;0.0;52.51775;5.436195
2022-08-17 08:16;0.0;52.51775;5.43619
2022-08-17 07:55;0.0;52.51786;5.436137
2022-08-17 07:34;0.0;52.51785;5.436137
2022-08-17 07:32;0.8;52.51768;5.436067
2022-08-17 07:30;1.0;52.51714;5.43554
2022-08-17 07:28;1.0;52.51691;5.434623
2022-08-17 07:25;1.7;52.51665;5.433678
2022-08-17 07:22;10.3;52.51335;5.428388
2022-08-17 07:20;10.2;52.51125;5.41905
2022-08-17 07:17;10.6;52.51043;5.407577
2022-08-17 07:15;10.3;52.5096;5.39648
2022-08-17 07:13;10.6;52.50877;5.386362
2022-08-17 07:11;10.5;52.50662;5.37566
2022-08-17 07:08;10.6;52.50433;5.364442
2022-08-17 07:06;10.6;52.50225;5.354587
2022-08-17 07:04;10.6;52.49961;5.344258
2022-08-17 07:01;10.4;52.49582;5.33395
2022-08-17 06:59;10.2;52.49199;5.325085
2022-08-17 06:57;10.4;52.48873;5.31639
2022-08-17 06:54;10.6;52.48554;5.307828
2022-08-17 06:52;10.5;52.48151;5.297683
2022-08-17 06:50;10.5;52.4778;5.289377
2022-08-17 06:47;10.6;52.47371;5.280288
2022-08-17 06:45;10.5;52.46965;5.271382
2022-08-17 06:43;10.6;52.46569;5.26334
2022-08-17 06:41;10.7;52.46103;5.255025
2022-08-17 06:38;11.0;52.45652;5.24535
2022-08-17 06:36;10.9;52.45235;5.234748
2022-08-17 06:33;10.9;52.44842;5.224222
2022-08-17 06:31;11.1;52.44463;5.214275
2022-08-17 06:29;11.2;52.44101;5.205071
2022-08-17 06:26;11.0;52.437;5.19532
2022-08-17 06:24;11.1;52.43347;5.186283
2022-08-17 06:22;11.1;52.42995;5.176927
2022-08-17 06:20;10.9;52.4262;5.167023
2022-08-17 06:18;11.0;52.42299;5.158515
2022-08-17 06:13;10.7;52.41525;5.139753
2022-08-17 06:11;10.5;52.41169;5.132235
2022-08-17 06:09;10.4;52.40774;5.123243
2022-08-17 06:06;10.4;52.40422;5.113865
2022-08-17 06:04;10.9;52.40037;5.103795
2022-08-17 06:01;10.9;52.3961;5.092517
2022-08-17 05:59;10.4;52.39234;5.082942
2022-08-17 05:57;10.2;52.38869;5.073894
2022-08-17 05:53;10.5;52.38373;5.059685
2022-08-17 05:51;10.2;52.38074;5.050869
2022-08-17 05:49;9.9;52.37774;5.042278
2022-08-17 05:45;10.1;52.37357;5.028837
2022-08-17 05:42;10.0;52.37012;5.015818
2022-08-17 05:40;10.4;52.36865;5.00535
2022-08-17 05:37;10.4;52.36837;4.992703
2022-08-17 05:34;10.2;52.37155;4.979022
2022-08-17 05:32;9.3;52.37576;4.971231
2022-08-17 05:30;5.2;52.37865;4.965195
2022-08-17 05:27;1.9;52.37952;4.961798
2022-08-17 05:16;1.6;52.37994;4.96023
2022-08-17 05:14;1.6;52.38039;4.958503
2022-08-17 05:12;0.7;52.3806;4.957297
2022-08-17 05:10;0.8;52.38062;4.956475
2022-08-17 05:08;1.6;52.38057;4.955273
2022-08-17 05:05;2.5;52.3797;4.953923
2022-08-17 05:01;0.4;52.37873;4.953822
2022-08-17 04:58;3.5;52.37779;4.954037
2022-08-17 04:56;7.7;52.37427;4.955188
2022-08-17 04:54;6.9;52.36954;4.956497
2022-08-17 04:52;8.9;52.36425;4.958083
2022-08-17 04:50;9.2;52.35933;4.96141
2022-08-17 04:47;9.5;52.35659;4.969323
2022-08-17 04:43;9.8;52.3501;4.984055
2022-08-17 04:41;9.7;52.34571;4.992395
2022-08-17 04:39;9.8;52.34185;4.999695
2022-08-17 04:33;9.5;52.33131;5.015658
2022-08-17 04:31;9.7;52.32517;5.017653
2022-08-17 04:29;9.6;52.31987;5.018462
2022-08-17 04:25;9.6;52.31105;5.019979
2022-08-17 04:22;9.5;52.30211;5.021505
2022-08-17 04:19;9.6;52.29501;5.021717
2022-08-17 04:17;9.5;52.28883;5.021797
2022-08-17 04:15;9.5;52.28316;5.021887
2022-08-17 04:12;9.6;52.27558;5.02025
2022-08-17 04:09;7.9;52.26853;5.01834
2022-08-17 04:06;9.6;52.25848;5.015568
2022-08-17 04:02;9.6;52.24969;5.013242
2022-08-17 04:00;9.6;52.24401;5.011652
2022-08-17 03:56;9.7;52.23201;5.008343
2022-08-17 03:52;9.8;52.22318;5.00594
2022-08-17 03:50;9.7;52.21731;5.004378
2022-08-17 03:48;9.8;52.21152;5.002793
2022-08-17 03:45;9.7;52.20449;5.000958
2022-08-17 03:43;9.7;52.19779;4.999078
2022-08-17 03:39;7.9;52.18742;4.996284
2022-08-17 03:36;9.7;52.17661;4.994051
2022-08-17 03:33;9.7;52.17527;4.99422
2022-08-17 03:31;8.2;52.16772;4.995478
2022-08-17 03:28;9.3;52.15954;4.99741
2022-08-17 03:25;9.7;52.15385;5.00385
2022-08-17 03:21;9.7;52.14677;5.01618
2022-08-17 03:18;9.6;52.14219;5.024207
2022-08-17 03:16;9.5;52.1378;5.031952
2022-08-17 03:13;9.1;52.13339;5.03957
2022-08-17 03:11;9.1;52.12959;5.048612
2022-08-17 03:08;9.4;52.12561;5.055773
2022-08-17 03:06;9.4;52.12116;5.063537
2022-08-17 03:04;9.3;52.11705;5.070755
2022-08-17 03:01;9.2;52.11202;5.076618
2022-08-17 02:59;9.5;52.10592;5.076746
2022-08-17 02:56;9.6;52.09923;5.076957
2022-08-17 02:53;9.6;52.09072;5.078658
2022-08-17 02:50;9.3;52.08389;5.079928
2022-08-17 02:47;8.1;52.07636;5.08332
2022-08-17 02:43;8.4;52.06788;5.090893
2022-08-17 02:40;8.3;52.06266;5.095868
2022-08-17 02:38;7.7;52.05736;5.100577
2022-08-17 02:35;6.5;52.05334;5.103569
2022-08-17 02:33;6.7;52.04929;5.10573
2022-08-17 02:30;7.2;52.04479;5.1079
2022-08-17 02:28;8.0;52.03954;5.111698
2022-08-17 02:25;9.0;52.03474;5.117308
2022-08-17 02:22;10.1;52.02899;5.124408
2022-08-17 02:20;9.9;52.02383;5.132665
2022-08-17 02:17;9.8;52.01956;5.139423
2022-08-17 02:13;9.8;52.01261;5.152524
2022-08-17 02:11;10.0;52.01027;5.163098
2022-08-17 02:09;10.0;52.00845;5.172403
2022-08-17 02:05;10.0;52.00537;5.187933
2022-08-17 02:02;9.9;52.00159;5.202387
2022-08-17 01:59;10.0;51.99897;5.211061
2022-08-17 01:57;10.0;51.99575;5.221869
2022-08-17 01:54;9.9;51.99269;5.231977
2022-08-17 01:52;9.8;51.98964;5.24182
2022-08-17 01:49;9.7;51.98651;5.252332
2022-08-17 01:46;9.7;51.9835;5.2629
2022-08-17 01:44;9.9;51.98046;5.273603
2022-08-17 01:41;9.8;51.97778;5.283047
2022-08-17 01:39;9.2;51.975;5.292765
2022-08-17 01:37;7.0;51.97292;5.300263
2022-08-17 01:34;6.6;51.97113;5.307555
2022-08-17 01:32;5.2;51.96974;5.312922
2022-08-17 01:29;3.2;51.96845;5.31747
2022-08-17 01:11;3.1;51.96703;5.322653
2022-08-17 01:08;4.1;51.96579;5.326823
2022-08-17 01:06;5.9;51.96409;5.332358
2022-08-17 01:03;7.5;51.96213;5.337986
2022-08-17 01:01;8.7;51.95901;5.345308
2022-08-17 00:59;7.9;51.95558;5.352752
2022-08-17 00:56;8.1;51.95235;5.36038
2022-08-17 00:54;9.2;51.94982;5.368607
2022-08-17 00:51;9.5;51.94656;5.376945
2022-08-17 00:48;9.3;51.94187;5.38721
2022-08-17 00:45;9.6;51.93691;5.3981
2022-08-17 00:42;9.8;51.93225;5.408055
2022-08-17 00:40;9.5;51.92821;5.41667
2022-08-17 00:37;9.3;51.9242;5.424859
2022-08-17 00:35;9.3;51.92027;5.43338
2022-08-17 00:32;7.8;51.91606;5.441906
2022-08-17 00:29;6.5;51.91206;5.447575
2022-08-17 00:26;7.1;51.90776;5.450755
2022-08-17 00:24;4.8;51.90438;5.452933
2022-08-17 00:21;3.3;51.9007;5.455195
2022-08-17 00:18;3.4;51.89802;5.456883
2022-08-17 00:15;3.3;51.89609;5.457837
2022-08-17 00:13;4.6;51.89315;5.459308
2022-08-17 00:10;4.3;51.89023;5.460772
2022-08-17 00:07;8.6;51.88998;5.470322
2022-08-17 00:05;9.2;51.88998;5.48051
2022-08-17 00:02;9.6;51.88923;5.491217
2022-08-17 00:00;9.5;51.88925;5.501133
2022-08-16 23:57;9.6;51.89013;5.512398
2022-08-16 23:55;9.7;51.89206;5.521948
2022-08-16 23:52;10.0;51.89522;5.5316
2022-08-16 23:50;10.0;51.89854;5.540667
2022-08-16 23:47;9.8;51.90088;5.551812
2022-08-16 23:45;9.8;51.90205;5.56179
2022-08-16 23:42;9.7;51.90211;5.573458
2022-08-16 23:40;8.8;51.90079;5.58503
2022-08-16 23:37;9.5;51.89957;5.594481
2022-08-16 23:35;9.4;51.89928;5.604342
2022-08-16 23:33;9.2;51.89951;5.613542
2022-08-16 23:30;9.6;51.89975;5.625462
2022-08-16 23:27;9.6;51.89929;5.636987
2022-08-16 23:25;9.0;51.89827;5.646733
2022-08-16 23:22;9.5;51.89656;5.657415
2022-08-16 23:20;9.8;51.8956;5.668792
2022-08-16 23:17;9.8;51.89583;5.67897
2022-08-16 23:15;9.3;51.89604;5.687868
2022-08-16 23:13;9.6;51.89523;5.698628
2022-08-16 23:10;9.1;51.89351;5.707198
2022-08-16 23:08;9.6;51.89036;5.715607
2022-08-16 23:06;9.4;51.88739;5.724514
2022-08-16 23:03;9.7;51.88595;5.735673
2022-08-16 23:01;9.7;51.88504;5.745626
2022-08-16 22:58;9.8;51.88245;5.75628
2022-08-16 22:56;9.6;51.87987;5.766428
2022-08-16 22:53;9.1;51.87824;5.776445
2022-08-16 22:51;9.4;51.87748;5.785465
2022-08-16 22:48;9.5;51.87617;5.796535
2022-08-16 22:46;9.3;51.87376;5.807168
2022-08-16 22:43;10.4;51.8706;5.816985
2022-08-16 22:41;10.3;51.86602;5.826082
2022-08-16 22:38;9.5;51.86159;5.833763
2022-08-16 22:36;10.3;51.85742;5.841777
2022-08-16 22:33;6.5;51.85389;5.849803
2022-08-16 22:31;7.3;51.85197;5.85547
2022-08-16 22:29;7.7;51.85093;5.863057
2022-08-16 22:26;8.7;51.85194;5.872798
2022-08-16 22:24;9.7;51.8562;5.878968
2022-08-16 22:21;9.9;51.86244;5.88327
2022-08-16 22:19;9.5;51.86779;5.889872
2022-08-16 22:16;9.4;51.87154;5.898368
2022-08-16 22:14;9.4;51.87376;5.907804
2022-08-16 22:11;9.5;51.87494;5.918837
2022-08-16 22:09;9.6;51.87414;5.928812
2022-08-16 22:07;8.8;51.87134;5.937153
2022-08-16 22:04;9.8;51.86674;5.943443
2022-08-16 22:02;9.4;51.86078;5.949752
2022-08-16 21:59;8.9;51.85623;5.956717
2022-08-16 21:57;8.6;51.85436;5.965125
2022-08-16 21:54;8.8;51.8557;5.974525
2022-08-16 21:52;9.5;51.86015;5.981167
2022-08-16 21:49;9.6;51.86697;5.984618
2022-08-16 21:47;9.9;51.87255;5.988915
2022-08-16 21:44;10.2;51.87776;5.995413
2022-08-16 21:41;9.8;51.88177;6.007038
2022-08-16 21:39;9.3;51.88111;6.016963
2022-08-16 21:37;9.6;51.87759;6.025193
2022-08-16 21:34;9.6;51.87371;6.033635
2022-08-16 21:32;9.7;51.87149;6.043008
2022-08-16 21:30;9.5;51.86965;6.052691
2022-08-16 21:27;10.0;51.86689;6.061828
2022-08-16 21:25;9.7;51.8632;6.070492
2022-08-16 21:22;8.8;51.85863;6.079098
2022-08-16 21:19;9.7;51.85351;6.087471
2022-08-16 21:17;9.7;51.85005;6.09597
2022-08-16 21:14;8.5;51.84835;6.106194
2022-08-16 21:12;9.8;51.84832;6.116695
2022-08-16 21:10;10.0;51.8483;6.126224
2022-08-16 21:05;9.3;51.84628;6.14459
2022-08-16 21:02;9.9;51.84313;6.158165
2022-08-16 20:59;8.9;51.8392;6.170528
2022-08-16 20:54;9.7;51.83233;6.187545
2022-08-16 20:14;9.9;51.78124;6.323009
2022-08-16 20:07;9.8;51.76277;6.332757
2022-08-16 19:48;10.1;51.75511;6.4082
2022-08-16 19:46;10.4;51.75121;6.417553
2022-08-16 19:43;10.1;51.74513;6.422895
2022-08-16 19:41;8.3;51.73865;6.422184
2022-08-16 19:34;10.3;51.72185;6.407486
2022-08-16 19:31;10.0;51.71564;6.410296
2022-08-16 19:29;8.9;51.71193;6.417893
2022-08-16 19:27;10.1;51.71056;6.426737
2022-08-16 19:20;9.9;51.70535;6.455423
2022-08-16 19:18;9.7;51.70195;6.461813
2022-08-16 19:16;9.5;51.69616;6.466998
2022-08-16 19:14;9.7;51.69061;6.46951
2022-08-16 19:11;9.8;51.68483;6.470887
2022-08-16 19:08;10.5;51.67623;6.473788
2022-08-16 19:05;9.9;51.66677;6.480363
2022-08-16 19:02;9.9;51.66307;6.488739
2022-08-16 18:57;10.1;51.66231;6.513443
2022-08-16 18:54;10.2;51.66213;6.525885
2022-08-16 18:49;9.4;51.65808;6.546652
2022-08-16 18:46;9.6;51.65863;6.557697
2022-08-16 18:44;10.1;51.65967;6.567147
2022-08-16 18:42;9.9;51.66006;6.578238
2022-08-16 18:39;10.1;51.65811;6.589545
2022-08-16 18:36;9.8;51.65346;6.599473
2022-08-16 18:34;10.2;51.64779;6.604673
2022-08-16 18:31;9.3;51.63908;6.605102
2022-08-16 18:28;10.0;51.63388;6.598598
2022-08-16 18:26;9.7;51.62939;6.591352
2022-08-16 18:23;9.5;51.62392;6.586465
2022-08-16 18:21;9.5;51.6178;6.586998
2022-08-16 18:19;9.4;51.61212;6.590887
2022-08-16 18:16;9.7;51.60632;6.594202
2022-08-16 18:14;9.2;51.59927;6.597415
2022-08-16 18:11;9.8;51.59264;6.598673
2022-08-16 18:09;10.0;51.58625;6.59821
2022-08-16 18:07;10.1;51.58026;6.597424
2022-08-16 18:04;9.7;51.57241;6.599437
2022-08-16 18:01;10.0;51.56751;6.607823
2022-08-16 17:58;9.1;51.56658;6.618165
2022-08-16 17:56;8.8;51.56905;6.628385
2022-08-16 17:52;9.1;51.57364;6.63887
2022-08-16 17:50;9.8;51.57691;6.648762
2022-08-16 17:48;9.8;51.57829;6.658015
2022-08-16 17:45;9.5;51.57787;6.669818
2022-08-16 17:42;9.3;51.57555;6.679228
2022-08-16 17:40;9.3;51.57058;6.685737
2022-08-16 17:38;9.7;51.56461;6.687851
2022-08-16 17:35;9.2;51.55828;6.685677
2022-08-16 17:33;9.0;51.55289;6.681618
2022-08-16 17:30;9.9;51.5471;6.677735
2022-08-16 17:28;9.5;51.54051;6.675752
2022-08-16 17:25;9.4;51.53461;6.678031
2022-08-16 17:23;9.5;51.52992;6.684873
2022-08-16 17:21;9.0;51.52694;6.69287
2022-08-16 17:18;9.8;51.52448;6.701102
2022-08-16 17:16;9.8;51.52104;6.71063
2022-08-16 17:14;9.8;51.51656;6.71825
2022-08-16 17:11;9.9;51.51123;6.723802
2022-08-16 17:09;9.8;51.50463;6.724623
2022-08-16 17:07;9.7;51.49932;6.720927
2022-08-16 17:04;8.9;51.4956;6.71299
2022-08-16 17:01;9.6;51.49354;6.702607
2022-08-16 16:59;9.8;51.49097;6.691793
2022-08-16 16:56;9.7;51.48692;6.683845
2022-08-16 16:54;9.5;51.48028;6.680262
2022-08-16 16:51;9.2;51.47489;6.684275
2022-08-16 16:49;9.4;51.47193;6.69263
2022-08-16 16:46;9.5;51.47088;6.704205
2022-08-16 16:44;10.4;51.46918;6.713322
2022-08-16 16:42;9.9;51.46451;6.721725
2022-08-16 16:39;8.5;51.45813;6.724422
2022-08-16 16:36;9.7;51.45238;6.721238
2022-08-16 16:34;9.3;51.44757;6.71482
2022-08-16 16:32;9.9;51.44184;6.711242
2022-08-16 16:30;9.6;51.43604;6.712158
2022-08-16 16:27;9.4;51.43009;6.717745
2022-08-16 16:25;9.6;51.4259;6.72487
2022-08-16 16:22;9.5;51.4215;6.732127
2022-08-16 16:19;10.0;51.41524;6.739646
2022-08-16 16:17;10.2;51.40967;6.744212
2022-08-16 16:15;10.4;51.40269;6.745868
2022-08-16 16:11;9.3;51.39347;6.742735
2022-08-16 16:08;9.4;51.38752;6.736661
2022-08-16 16:06;9.7;51.3829;6.730018
2022-08-16 16:04;8.9;51.37871;6.722587
2022-08-16 16:01;8.5;51.37557;6.715127
2022-08-16 15:59;9.5;51.37369;6.706958
2022-08-16 15:57;9.7;51.37292;6.696563
2022-08-16 15:54;9.9;51.37223;6.686352
2022-08-16 15:52;9.9;51.37041;6.675127
2022-08-16 15:49;9.2;51.36779;6.665787
2022-08-16 15:47;8.4;51.36445;6.658158
2022-08-16 15:44;8.5;51.35972;6.653882
2022-08-16 15:42;9.6;51.35255;6.654489
2022-08-16 15:39;9.7;51.34805;6.660917
2022-08-16 15:37;8.9;51.34557;6.671216
2022-08-16 15:34;9.3;51.34369;6.680745
2022-08-16 15:32;9.5;51.34161;6.690647
2022-08-16 15:28;9.7;51.33833;6.703498
2022-08-16 15:26;10.5;51.335;6.712238
2022-08-16 15:24;10.0;51.33091;6.72097
2022-08-16 15:21;9.7;51.32609;6.728951
2022-08-16 15:19;9.7;51.32042;6.734112
2022-08-16 15:16;9.5;51.31422;6.735456
2022-08-16 15:14;9.8;51.30772;6.734358
2022-08-16 15:11;9.2;51.30137;6.730303
2022-08-16 15:09;9.1;51.29645;6.724885
2022-08-16 15:06;9.1;51.29172;6.719267
2022-08-16 15:04;9.5;51.28694;6.713087
2022-08-16 15:02;10.0;51.28157;6.7067
2022-08-16 14:59;9.6;51.27632;6.702587
2022-08-16 14:57;9.6;51.27018;6.701915
2022-08-16 14:55;10.0;51.26458;6.706672
2022-08-16 14:52;9.9;51.26035;6.714248
2022-08-16 14:50;8.6;51.25753;6.722103
2022-08-16 14:48;8.8;51.25555;6.73059
2022-08-16 14:46;9.7;51.25409;6.739217
2022-08-16 14:43;9.7;51.25153;6.750007
2022-08-16 14:40;7.9;51.24697;6.75918
2022-08-16 14:38;3.3;51.24379;6.763008
2022-08-16 14:35;1.1;51.2429;6.76537
2022-08-16 14:32;2.8;51.24081;6.767241
2022-08-16 14:29;2.6;51.23972;6.767923
2022-08-16 14:12;0.0;51.23907;6.768492
;#,###.#;;